File name,Title,Keywords,Prompt,Model
create_a_3d_cartoon_image_about_going_back_to_schoaf7fc3c9-384c-11ee-b850-5076af3bb428.png,"""Back to School: A Scene of Unity and Diversity""","Back to school, Education, Learning, Fresh Start, Academic Year, Student, Classroom, School Hallway, Lockers, Colorful, Clock, Timing, Togetherness, Diverse, Ages, Gather, Community, Progress, Discovery, Growth, Empowerment.","create a 3d cartoon image about going back to school with a hyperrealistic, disney style, depicting a student walking through a school hallway filled with colorful lockers, a clock ticking, and students of all ages and backgrounds gathering together to start a new school year.",5.2
create_a_3d_cartoon_image_about_going_back_to_schoba580b20-384c-11ee-8032-5076af3bb428.png,"""New Beginnings: A 3D Cartoon Image of a Student's First Day of School"".","Back to School, Education, School Hallway, Lockers, Time, Clock, Student, Learning, Knowledge, Growth, Diversity, Community, Adventure, Challenge, Support, Friendship, Opportunity, Preparation, Success, Motivation.","create a 3d cartoon image about going back to school with a hyperrealistic, disney style, depicting a student walking through a school hallway filled with colorful lockers, a clock ticking, and students of all ages and backgrounds gathering together to start a new school year.",5.2
create_a_3d_cartoon_image_about_going_back_to_schobceca307-384c-11ee-b541-5076af3bb428.png,"""A New School Year: A Celebration of Education and Diversity""","Back to school, Education, Learning, Academic, New Year, School Hallway, Clock, Time, Locker, Colorful, Student, Elementary, Middle School, High School, Diversity, Knowledge, Hyperrealistic, Disney Style, Gathering, Togetherness, Community.","create a 3d cartoon image about going back to school with a hyperrealistic, disney style, depicting a student walking through a school hallway filled with colorful lockers, a clock ticking, and students of all ages and backgrounds gathering together to start a new school year.",5.2
create_a_3d_cartoon_image_about_going_back_to_schoc1a1b507-384c-11ee-a43b-5076af3bb428.png,"""Beginning the New School Year: A 3D Cartoon Image of School Hallway Life""","Back to school, New Year, Education, Students, Lockers, Clock, Learning, School Hallway, Time, Classroom, Teacher, Friend, Study, Development, Growth, Knowledge, Socialization, Diversity, Community, Academic.","create a 3d cartoon image about going back to school with a hyperrealistic, disney style, depicting a student walking through a school hallway filled with colorful lockers, a clock ticking, and students of all ages and backgrounds gathering together to start a new school year.",5.2
elements_create_an_electronic_photo_image_of_africa6fbd816-3931-11ee-b9ea-5076af3bb428.png,"""Exploring the Vibrant Energy of African School Life""","African school life, students, learning, playing, socializing, vibrant energy, bright colors, patterns, textures, creative angles, perspectives, lively atmosphere, exploration, education, culture, knowledge, growth, development, discovery, creativity, collaboration, community.","elements

create an electronic photo image of african school life that incorporates creative elements such as bright colors, patterns, and textures. focus on the vibrant energy of the classroom, depicting students learning, playing, and socializing in their unique environment. use creative angles and perspectives to capture the lively atmosphere of the school. show how the students are not only learning but also having fun as they explore the world around them.",5.2
elements_create_an_electronic_photo_image_of_africaae32663-3931-11ee-9f07-5076af3bb428.png,"""Celebrating African Education: Capturing the Joy of Learning in a Colorful and Dynamic Environment""","school, students, learning, playing, socializing, vibrant, energy, classroom, creative, colors, patterns, textures, angles, perspectives, lively, atmosphere, explore, world, education, african, culture, fun, learning.","elements

create an electronic photo image of african school life that incorporates creative elements such as bright colors, patterns, and textures. focus on the vibrant energy of the classroom, depicting students learning, playing, and socializing in their unique environment. use creative angles and perspectives to capture the lively atmosphere of the school. show how the students are not only learning but also having fun as they explore the world around them.",5.2
elements_create_an_electronic_photo_image_of_africae055770-3931-11ee-b6a4-5076af3bb428.png,"""A Joyful Exploration: Capturing the Vibrant Energy of African School Life""","African school life, education, students, learning, playing, socializing, vibrant energy, bright colors, patterns, textures, creative angles, perspectives, lively atmosphere, exploration, knowledge, discovery, culture, collaboration, interaction, curiosity, joy.","elements

create an electronic photo image of african school life that incorporates creative elements such as bright colors, patterns, and textures. focus on the vibrant energy of the classroom, depicting students learning, playing, and socializing in their unique environment. use creative angles and perspectives to capture the lively atmosphere of the school. show how the students are not only learning but also having fun as they explore the world around them.",5.2
elements_create_an_electronic_photo_image_of_africb19382db-3931-11ee-b8de-5076af3bb428.png,"""Inquisitive Minds: Exploring the Colorful and Vibrant African School Environment""","African school, learning, playing, socializing, vibrant energy, classroom, bright colors, patterns, textures, creative angles, perspectives, lively atmosphere, explore, students, knowledge, fun, education, culture, discovery, curiosity, imagination, creativity.","elements

create an electronic photo image of african school life that incorporates creative elements such as bright colors, patterns, and textures. focus on the vibrant energy of the classroom, depicting students learning, playing, and socializing in their unique environment. use creative angles and perspectives to capture the lively atmosphere of the school. show how the students are not only learning but also having fun as they explore the world around them.",5.2
4771c90f-430e-11ee-a128-5076af3bb428.png, create an ultra-realistic photo of a worker taking a break on labor day!, 5.2
48daa9d1-430e-11ee-b36d-5076af3bb428.png, create an ultra-realistic photo of a worker taking a break on labor day!, 5.2
495d39bd-430e-11ee-96f2-5076af3bb428.png, create an ultra-realistic photo of a worker taking a break on labor day!, 5.2
4a4ea836-430e-11ee-bda1-5076af3bb428.png, create an ultra-realistic photo of a worker taking a break on labor day!, 5.2
7ca00c80-430e-11ee-b745-5076af3bb428.png, create an image of a group of workers enjoying a labor day picnic in a beautiful outdoor setting. use highly creative, colorful, awesome looking, ultra-realistic, and professional photography techniques to capture the joy of the workers as they take a break from their labor to celebrate., 5.2
7f7eb02e-430e-11ee-9f4e-5076af3bb428.png, create an image of a group of workers enjoying a labor day picnic in a beautiful outdoor setting. use highly creative, colorful, awesome looking, ultra-realistic, and professional photography techniques to capture the joy of the workers as they take a break from their labor to celebrate., 5.2
804160d6-430e-11ee-a3b8-5076af3bb428.png, create an image of a group of workers enjoying a labor day picnic in a beautiful outdoor setting. use highly creative, colorful, awesome looking, ultra-realistic, and professional photography techniques to capture the joy of the workers as they take a break from their labor to celebrate., 5.2
80daaeb2-430e-11ee-9c6f-5076af3bb428.png, create an image of a group of workers enjoying a labor day picnic in a beautiful outdoor setting. use highly creative, colorful, awesome looking, ultra-realistic, and professional photography techniques to capture the joy of the workers as they take a break from their labor to celebrate., 5.2
c29207a9-430e-11ee-955e-5076af3bb428.png, labor day: a tribute to the hardworking men and women of our nation. capture a photo of a busy construction site, showing the strength and commitment of the laborers to their work. make sure to include bright, vivid colors to represent their energy and determination. make it look ultra-realistic and professional to capture the spirit of the holiday., 5.2
c42482ba-430e-11ee-8aff-5076af3bb428.png, labor day: a tribute to the hardworking men and women of our nation. capture a photo of a busy construction site, showing the strength and commitment of the laborers to their work. make sure to include bright, vivid colors to represent their energy and determination. make it look ultra-realistic and professional to capture the spirit of the holiday., 5.2
c4d99bbe-430e-11ee-858a-5076af3bb428.png, labor day: a tribute to the hardworking men and women of our nation. capture a photo of a busy construction site, showing the strength and commitment of the laborers to their work. make sure to include bright, vivid colors to represent their energy and determination. make it look ultra-realistic and professional to capture the spirit of the holiday., 5.2
c5d54a1a-430e-11ee-84e7-5076af3bb428.png, labor day: a tribute to the hardworking men and women of our nation. capture a photo of a busy construction site, showing the strength and commitment of the laborers to their work. make sure to include bright, vivid colors to represent their energy and determination. make it look ultra-realistic and professional to capture the spirit of the holiday., 5.2
fa71f08b-430e-11ee-ad24-5076af3bb428.png, create a photo of a family gathering in a park on labor day celebrating the hard work of their family members. the scene should feature vibrant colors, be highly creative, ultra-realistic, and have a professional look., 5.2
fb356558-430e-11ee-83a8-5076af3bb428.png, create a photo of a family gathering in a park on labor day celebrating the hard work of their family members. the scene should feature vibrant colors, be highly creative, ultra-realistic, and have a professional look., 5.2
fbc18906-430e-11ee-8f63-5076af3bb428.png, create a photo of a family gathering in a park on labor day celebrating the hard work of their family members. the scene should feature vibrant colors, be highly creative, ultra-realistic, and have a professional look., 5.2
fc9efa54-430e-11ee-9f8e-5076af3bb428.png, create a photo of a family gathering in a park on labor day celebrating the hard work of their family members. the scene should feature vibrant colors, be highly creative, ultra-realistic, and have a professional look., 5.2
305e1a69-430f-11ee-858d-5076af3bb428.png, create a photo of a laborer working hard to celebrate labor day. incorporate highly creative lighting, bold colors, and ultra-realistic textures to bring the image to life. capture the worker in a moment of intense labor to emphasize the hard work and dedication put into their job., 5.2
30e64e5f-430f-11ee-a8da-5076af3bb428.png, create a photo of a laborer working hard to celebrate labor day. incorporate highly creative lighting, bold colors, and ultra-realistic textures to bring the image to life. capture the worker in a moment of intense labor to emphasize the hard work and dedication put into their job., 5.2
31cba763-430f-11ee-943e-5076af3bb428.png, create a photo of a laborer working hard to celebrate labor day. incorporate highly creative lighting, bold colors, and ultra-realistic textures to bring the image to life. capture the worker in a moment of intense labor to emphasize the hard work and dedication put into their job., 5.2
3257f4d1-430f-11ee-8cb3-5076af3bb428.png, create a photo of a laborer working hard to celebrate labor day. incorporate highly creative lighting, bold colors, and ultra-realistic textures to bring the image to life. capture the worker in a moment of intense labor to emphasize the hard work and dedication put into their job., 5.2
64c996e2-430f-11ee-bf6a-5076af3bb428.png, create an ultra-realistic photo image of a family relaxing together on labor day, in a creative and colorful way that showcases the joy of the holiday., 5.2
6577cd70-430f-11ee-bf38-5076af3bb428.png, create an ultra-realistic photo image of a family relaxing together on labor day, in a creative and colorful way that showcases the joy of the holiday., 5.2
6633694b-430f-11ee-b94a-5076af3bb428.png, create an ultra-realistic photo image of a family relaxing together on labor day, in a creative and colorful way that showcases the joy of the holiday., 5.2
6779a1f2-430f-11ee-ae5a-5076af3bb428.png, create an ultra-realistic photo image of a family relaxing together on labor day, in a creative and colorful way that showcases the joy of the holiday., 5.2
96310796-430f-11ee-ab19-5076af3bb428.png, create a photo image of a worker celebrating labor day by taking a break from their job and enjoying a picnic in the park surrounded by colorful balloons and streamers., 5.2
97cf42f6-430f-11ee-b4ea-5076af3bb428.png, create a photo image of a worker celebrating labor day by taking a break from their job and enjoying a picnic in the park surrounded by colorful balloons and streamers., 5.2
98f37891-430f-11ee-9e20-5076af3bb428.png, create a photo image of a worker celebrating labor day by taking a break from their job and enjoying a picnic in the park surrounded by colorful balloons and streamers., 5.2
9a0147c2-430f-11ee-b9fc-5076af3bb428.png, create a photo image of a worker celebrating labor day by taking a break from their job and enjoying a picnic in the park surrounded by colorful balloons and streamers., 5.2
cf6fa6f3-430f-11ee-8395-5076af3bb428.png, create an image of a family enjoying a picnic on labor day, with each family member wearing a t-shirt with a different phrase related to labor rights and justice. make sure to include highly creative, colorful, awesome looking, ultra-realistic, professional elements in the image, like a vibrant sunset, a picnic blanket covered with tasty food, and a family having a great time., 5.2
d14829fe-430f-11ee-806b-5076af3bb428.png, create an image of a family enjoying a picnic on labor day, with each family member wearing a t-shirt with a different phrase related to labor rights and justice. make sure to include highly creative, colorful, awesome looking, ultra-realistic, professional elements in the image, like a vibrant sunset, a picnic blanket covered with tasty food, and a family having a great time., 5.2
d2367220-430f-11ee-8431-5076af3bb428.png, create an image of a family enjoying a picnic on labor day, with each family member wearing a t-shirt with a different phrase related to labor rights and justice. make sure to include highly creative, colorful, awesome looking, ultra-realistic, professional elements in the image, like a vibrant sunset, a picnic blanket covered with tasty food, and a family having a great time., 5.2
d3131d88-430f-11ee-aca3-5076af3bb428.png, create an image of a family enjoying a picnic on labor day, with each family member wearing a t-shirt with a different phrase related to labor rights and justice. make sure to include highly creative, colorful, awesome looking, ultra-realistic, professional elements in the image, like a vibrant sunset, a picnic blanket covered with tasty food, and a family having a great time., 5.2
05cd24fa-4310-11ee-886b-5076af3bb428.png, labor day: capture the energetic celebration of working people through a highly creative, colorful, awesome-looking, ultra-realistic, professional photo., 5.2
06a82114-4310-11ee-aa9e-5076af3bb428.png, labor day: capture the energetic celebration of working people through a highly creative, colorful, awesome-looking, ultra-realistic, professional photo., 5.2
0734c86d-4310-11ee-84ef-5076af3bb428.png, labor day: capture the energetic celebration of working people through a highly creative, colorful, awesome-looking, ultra-realistic, professional photo., 5.2
07d49e09-4310-11ee-a175-5076af3bb428.png, labor day: capture the energetic celebration of working people through a highly creative, colorful, awesome-looking, ultra-realistic, professional photo., 5.2
4b794bc2-4310-11ee-9a61-5076af3bb428.png, capture a photo of a worker toasting to labor day with an ice-cold beer on a rooftop, surrounded by a stunning cityscape. the image should be highly creative, colorful, awesome looking, ultra-realistic, and professional - perfect for sharing on social media!, 5.2
4d186aa1-4310-11ee-b05e-5076af3bb428.png, capture a photo of a worker toasting to labor day with an ice-cold beer on a rooftop, surrounded by a stunning cityscape. the image should be highly creative, colorful, awesome looking, ultra-realistic, and professional - perfect for sharing on social media!, 5.2
4d9ce1ad-4310-11ee-9864-5076af3bb428.png, capture a photo of a worker toasting to labor day with an ice-cold beer on a rooftop, surrounded by a stunning cityscape. the image should be highly creative, colorful, awesome looking, ultra-realistic, and professional - perfect for sharing on social media!, 5.2
4e28e2f0-4310-11ee-b267-5076af3bb428.png, capture a photo of a worker toasting to labor day with an ice-cold beer on a rooftop, surrounded by a stunning cityscape. the image should be highly creative, colorful, awesome looking, ultra-realistic, and professional - perfect for sharing on social media!, 5.2
9bc62656-4310-11ee-968c-5076af3bb428.png, create an ultra-realistic image of a working family enjoying a labor day picnic in a lush park, surrounded by vibrant colors of nature and a spectacular sunset., 5.2
9d047dcd-4310-11ee-8f16-5076af3bb428.png, create an ultra-realistic image of a working family enjoying a labor day picnic in a lush park, surrounded by vibrant colors of nature and a spectacular sunset., 5.2
9dd41cff-4310-11ee-a015-5076af3bb428.png, create an ultra-realistic image of a working family enjoying a labor day picnic in a lush park, surrounded by vibrant colors of nature and a spectacular sunset., 5.2
9eca070b-4310-11ee-b45f-5076af3bb428.png, create an ultra-realistic image of a working family enjoying a labor day picnic in a lush park, surrounded by vibrant colors of nature and a spectacular sunset., 5.2
d31d5508-4310-11ee-913c-5076af3bb428.png, create an image of a family gathering to celebrate labor day, focusing on their unity and appreciation for the hard work of their ancestors. use highly creative, colorful, awesome looking, ultra-realistic, and professional visuals to capture the moment., 5.2
d6be3be3-4310-11ee-9168-5076af3bb428.png, create an image of a family gathering to celebrate labor day, focusing on their unity and appreciation for the hard work of their ancestors. use highly creative, colorful, awesome looking, ultra-realistic, and professional visuals to capture the moment., 5.2
d840701f-4310-11ee-ae5e-5076af3bb428.png, create an image of a family gathering to celebrate labor day, focusing on their unity and appreciation for the hard work of their ancestors. use highly creative, colorful, awesome looking, ultra-realistic, and professional visuals to capture the moment., 5.2
d90bbdf6-4310-11ee-bf68-5076af3bb428.png, create an image of a family gathering to celebrate labor day, focusing on their unity and appreciation for the hard work of their ancestors. use highly creative, colorful, awesome looking, ultra-realistic, and professional visuals to capture the moment., 5.2
0dbc36ce-4311-11ee-b2c2-5076af3bb428.png, create an ultra-realistic photo of a group of laborers enjoying a break from their hard work on labor day, surrounded by a highly creative, colorful, and awesome looking landscape., 5.2
0e8f4e0d-4311-11ee-b090-5076af3bb428.png, create an ultra-realistic photo of a group of laborers enjoying a break from their hard work on labor day, surrounded by a highly creative, colorful, and awesome looking landscape., 5.2
0f3c891d-4311-11ee-9ad6-5076af3bb428.png, create an ultra-realistic photo of a group of laborers enjoying a break from their hard work on labor day, surrounded by a highly creative, colorful, and awesome looking landscape., 5.2
10baa1b2-4311-11ee-aba1-5076af3bb428.png, create an ultra-realistic photo of a group of laborers enjoying a break from their hard work on labor day, surrounded by a highly creative, colorful, and awesome looking landscape., 5.2
427dc7d0-4311-11ee-9d40-5076af3bb428.png, create an ultra-realistic photo of a family enjoying a labor day cookout in their backyard. focus on the vibrant colors of the food, the fun decorations, and the laughter of the family. capture the joy of the moment and the excitement of the holiday., 5.2
437f5e76-4311-11ee-a7bf-5076af3bb428.png, create an ultra-realistic photo of a family enjoying a labor day cookout in their backyard. focus on the vibrant colors of the food, the fun decorations, and the laughter of the family. capture the joy of the moment and the excitement of the holiday., 5.2
4480e0df-4311-11ee-967d-5076af3bb428.png, create an ultra-realistic photo of a family enjoying a labor day cookout in their backyard. focus on the vibrant colors of the food, the fun decorations, and the laughter of the family. capture the joy of the moment and the excitement of the holiday., 5.2
46aea9eb-4311-11ee-82ba-5076af3bb428.png, create an ultra-realistic photo of a family enjoying a labor day cookout in their backyard. focus on the vibrant colors of the food, the fun decorations, and the laughter of the family. capture the joy of the moment and the excitement of the holiday., 5.2
74b2684a-4311-11ee-baa2-5076af3bb428.png, create a photo image of a family gathering to celebrate labor day by showing a picnic in the park with a bright red-and-white checkered blanket, overflowing with food and drink, and a rainbow of colorful balloons soaring in the background., 5.2
75c77f29-4311-11ee-9c43-5076af3bb428.png, create a photo image of a family gathering to celebrate labor day by showing a picnic in the park with a bright red-and-white checkered blanket, overflowing with food and drink, and a rainbow of colorful balloons soaring in the background., 5.2
7717991d-4311-11ee-b315-5076af3bb428.png, create a photo image of a family gathering to celebrate labor day by showing a picnic in the park with a bright red-and-white checkered blanket, overflowing with food and drink, and a rainbow of colorful balloons soaring in the background., 5.2
77b9dfe2-4311-11ee-8859-5076af3bb428.png, create a photo image of a family gathering to celebrate labor day by showing a picnic in the park with a bright red-and-white checkered blanket, overflowing with food and drink, and a rainbow of colorful balloons soaring in the background., 5.2
ab70eb49-4311-11ee-8798-5076af3bb428.png, looking

create an image of a worker in a hard hat carrying a large american flag, with the words "happy labor day" written in the background. use highly creative, colorful, awesome looking, ultra-realistic and professional looking effects to make the image really stand out., 5.2
b285355b-4311-11ee-8516-5076af3bb428.png, looking

create an image of a worker in a hard hat carrying a large american flag, with the words "happy labor day" written in the background. use highly creative, colorful, awesome looking, ultra-realistic and professional looking effects to make the image really stand out., 5.2
b32d29b8-4311-11ee-8e7e-5076af3bb428.png, looking

create an image of a worker in a hard hat carrying a large american flag, with the words "happy labor day" written in the background. use highly creative, colorful, awesome looking, ultra-realistic and professional looking effects to make the image really stand out., 5.2
b3c0c642-4311-11ee-ab66-5076af3bb428.png, looking

create an image of a worker in a hard hat carrying a large american flag, with the words "happy labor day" written in the background. use highly creative, colorful, awesome looking, ultra-realistic and professional looking effects to make the image really stand out., 5.2
e3c4832f-4311-11ee-9aa8-5076af3bb428.png, create an image capturing the joy of labor day by showing a diverse group of people of all ages and backgrounds celebrating the holiday with a picnic in a park. use highly creative, colorful, awesome-looking, ultra-realistic, and professional elements to bring the scene to life., 5.2
e4c1c4e0-4311-11ee-8bd5-5076af3bb428.png, create an image capturing the joy of labor day by showing a diverse group of people of all ages and backgrounds celebrating the holiday with a picnic in a park. use highly creative, colorful, awesome-looking, ultra-realistic, and professional elements to bring the scene to life., 5.2
e5e58634-4311-11ee-badf-5076af3bb428.png, create an image capturing the joy of labor day by showing a diverse group of people of all ages and backgrounds celebrating the holiday with a picnic in a park. use highly creative, colorful, awesome-looking, ultra-realistic, and professional elements to bring the scene to life., 5.2
e79be19d-4311-11ee-8008-5076af3bb428.png, create an image capturing the joy of labor day by showing a diverse group of people of all ages and backgrounds celebrating the holiday with a picnic in a park. use highly creative, colorful, awesome-looking, ultra-realistic, and professional elements to bring the scene to life., 5.2
1b5d90e7-4312-11ee-b5d2-5076af3bb428.png, labor day is the perfect time to celebrate the hard work and dedication of those who make our lives easier. capture the spirit of the holiday with a highly creative, colorful, awesome looking, ultra-realistic, professional photo of a worker taking a break from their labor to enjoy the fruits of their labor. showcase their joy as they relax and soak in the beauty of the day., 5.2
1be279d4-4312-11ee-a1cd-5076af3bb428.png, labor day is the perfect time to celebrate the hard work and dedication of those who make our lives easier. capture the spirit of the holiday with a highly creative, colorful, awesome looking, ultra-realistic, professional photo of a worker taking a break from their labor to enjoy the fruits of their labor. showcase their joy as they relax and soak in the beauty of the day., 5.2
1c7eb11f-4312-11ee-b721-5076af3bb428.png, labor day is the perfect time to celebrate the hard work and dedication of those who make our lives easier. capture the spirit of the holiday with a highly creative, colorful, awesome looking, ultra-realistic, professional photo of a worker taking a break from their labor to enjoy the fruits of their labor. showcase their joy as they relax and soak in the beauty of the day., 5.2
1de8cb29-4312-11ee-a036-5076af3bb428.png, labor day is the perfect time to celebrate the hard work and dedication of those who make our lives easier. capture the spirit of the holiday with a highly creative, colorful, awesome looking, ultra-realistic, professional photo of a worker taking a break from their labor to enjoy the fruits of their labor. showcase their joy as they relax and soak in the beauty of the day., 5.2
79d86ce0-4312-11ee-bf1d-5076af3bb428.png, create a photo image of a worker on labor day, with a lunch box in one hand and a toolbox in the other, proudly standing in front of a freshly painted mural of a flag depicting the struggles and victories of the labor movement. the mural should be highly creative, colorful, awesome-looking, ultra-realistic, and professional., 5.2
7af4e2f6-4312-11ee-a8c2-5076af3bb428.png, create a photo image of a worker on labor day, with a lunch box in one hand and a toolbox in the other, proudly standing in front of a freshly painted mural of a flag depicting the struggles and victories of the labor movement. the mural should be highly creative, colorful, awesome-looking, ultra-realistic, and professional., 5.2
7b843e87-4312-11ee-a18f-5076af3bb428.png, create a photo image of a worker on labor day, with a lunch box in one hand and a toolbox in the other, proudly standing in front of a freshly painted mural of a flag depicting the struggles and victories of the labor movement. the mural should be highly creative, colorful, awesome-looking, ultra-realistic, and professional., 5.2
7d74138e-4312-11ee-b30e-5076af3bb428.png, create a photo image of a worker on labor day, with a lunch box in one hand and a toolbox in the other, proudly standing in front of a freshly painted mural of a flag depicting the struggles and victories of the labor movement. the mural should be highly creative, colorful, awesome-looking, ultra-realistic, and professional., 5.2
b4154cc9-4312-11ee-81d8-5076af3bb428.png, for labor day, take a photo of a hardworking construction worker surrounded by the tools of his trade. capture the moment as he takes a break from his work, looking out over the hustle and bustle of the construction site, with a backdrop of vibrant colors, highlighting the dynamism of his labor., 5.2
b4b95d5d-4312-11ee-b8ad-5076af3bb428.png, for labor day, take a photo of a hardworking construction worker surrounded by the tools of his trade. capture the moment as he takes a break from his work, looking out over the hustle and bustle of the construction site, with a backdrop of vibrant colors, highlighting the dynamism of his labor., 5.2
b554cd55-4312-11ee-b85f-5076af3bb428.png, for labor day, take a photo of a hardworking construction worker surrounded by the tools of his trade. capture the moment as he takes a break from his work, looking out over the hustle and bustle of the construction site, with a backdrop of vibrant colors, highlighting the dynamism of his labor., 5.2
b786b942-4312-11ee-abcc-5076af3bb428.png, for labor day, take a photo of a hardworking construction worker surrounded by the tools of his trade. capture the moment as he takes a break from his work, looking out over the hustle and bustle of the construction site, with a backdrop of vibrant colors, highlighting the dynamism of his labor., 5.2
